{
  "hour": 0.007797588933448735,
  "so2": 0.0069291039743741446,
  "pollutant_composite": 0.006608375335252126,
  "no2": 0.005671265065045052,
  "pm25_rolling_mean_6": 0.005432279424926714,
  "pm25_rolling_mean_3": 0.004428901338671232,
  "no2_o3_ratio": 0.0038787542796222645,
  "co": 0.00357134480992168,
  "pm2_5": 0.0022674650591051775,
  "pm25_x_weekend": 0.002262861954823809,
  "pm25_rolling_max_6": 0.001261016869813868,
  "o3": 0.0012382067210795907,
  "pm25_lag_6": 0.0008559949063246728,
  "hour_cos": 0.000789706486565397,
  "pm10": 0.00048775587108682396,
  "aqi": 0.0,
  "day": 0.0,
  "month": 0.0,
  "day_of_week": 0.0,
  "is_weekend": 0.0,
  "hour_sin": 0.0,
  "month_sin": 0.0,
  "month_cos": 0.0,
  "dow_sin": 0.0,
  "dow_cos": 0.0,
  "pm25_lag_1": 0.0,
  "pm25_lag_3": 0.0,
  "pm25_rolling_std_3": 0.0,
  "pm25_rolling_std_6": 0.0,
  "pm25_rolling_min_6": 0.0,
  "pm25_change": 0.0,
  "pm25_change_pct": 0.0,
  "pm25_accel": 0.0,
  "pm25_x_hour": 0.0
}